[
{
  "model": "case_manager.casepriority",
  "pk": 1,
  "fields": {
    "name": "Medium"
  }
},
{
  "model": "case_manager.casepriority",
  "pk": 2,
  "fields": {
    "name": "High"
  }
},
{
  "model": "case_manager.casepriority",
  "pk": 3,
  "fields": {
    "name": "Low"
  }
},
{
  "model": "case_manager.gender",
  "pk": 1,
  "fields": {
    "name": "Male"
  }
},
{
  "model": "case_manager.gender",
  "pk": 2,
  "fields": {
    "name": "Female"
  }
},
{
  "model": "case_manager.gender",
  "pk": 3,
  "fields": {
    "name": "Other"
  }
},
{
  "model": "case_manager.programme",
  "pk": 1,
  "fields": {
    "name": "Shelter"
  }
},
{
  "model": "case_manager.programme",
  "pk": 2,
  "fields": {
    "name": "WASH"
  }
},
{
  "model": "case_manager.programme",
  "pk": 3,
  "fields": {
    "name": "Education"
  }
},
{
  "model": "case_manager.programme",
  "pk": 4,
  "fields": {
    "name": "Food Security"
  }
},
{
  "model": "case_manager.programme",
  "pk": 5,
  "fields": {
    "name": "Health"
  }
},
{
  "model": "case_manager.programme",
  "pk": 6,
  "fields": {
    "name": "Child Protection"
  }
},
{
  "model": "case_manager.programme",
  "pk": 7,
  "fields": {
    "name": "Gender Based Violence"
  }
},
{
  "model": "case_manager.programme",
  "pk": 8,
  "fields": {
    "name": "PSEA"
  }
},
{
  "model": "case_manager.programme",
  "pk": 9,
  "fields": {
    "name": "Other"
  }
},
{
  "model": "case_manager.programme",
  "pk": 10,
  "fields": {
    "name": "Protection"
  }
},
{
  "model": "case_manager.programme",
  "pk": 11,
  "fields": {
    "name": "CCCM"
  }
},
{
  "model": "case_manager.programme",
  "pk": 12,
  "fields": {
    "name": "Resilience"
  }
},
{
  "model": "case_manager.programme",
  "pk": 13,
  "fields": {
    "name": "INGC"
  }
},
{
  "model": "case_manager.category",
  "pk": 1,
  "fields": {
    "name": "Positive Feedback"
  }
},
{
  "model": "case_manager.category",
  "pk": 2,
  "fields": {
    "name": "Request for information"
  }
},
{
  "model": "case_manager.category",
  "pk": 3,
  "fields": {
    "name": "Complaint/ Negative feedback"
  }
},
{
  "model": "case_manager.category",
  "pk": 4,
  "fields": {
    "name": "Request for assistence"
  }
},
{
  "model": "case_manager.category",
  "pk": 5,
  "fields": {
    "name": "Data Amendment"
  }
},
{
  "model": "case_manager.category",
  "pk": 6,
  "fields": {
    "name": "Technical Problems"
  }
},
{
  "model": "case_manager.category",
  "pk": 7,
  "fields": {
    "name": "Other"
  }
},
{
  "model": "case_manager.subcategory",
  "pk": 2,
  "fields": {
    "name": "Other",
    "category": 2
  }
},
{
  "model": "case_manager.subcategory",
  "pk": 4,
  "fields": {
    "name": "SEA",
    "category": 3
  }
},
{
  "model": "case_manager.subcategory",
  "pk": 5,
  "fields": {
    "name": "Quality",
    "category": 3
  }
},
{
  "model": "case_manager.subcategory",
  "pk": 6,
  "fields": {
    "name": "Quantity",
    "category": 3
  }
},
{
  "model": "case_manager.subcategory",
  "pk": 7,
  "fields": {
    "name": "Safety problems",
    "category": 3
  }
},
{
  "model": "case_manager.subcategory",
  "pk": 8,
  "fields": {
    "name": "Abuse of power",
    "category": 3
  }
},
{
  "model": "case_manager.subcategory",
  "pk": 9,
  "fields": {
    "name": "Access",
    "category": 3
  }
},
{
  "model": "case_manager.subcategory",
  "pk": 10,
  "fields": {
    "name": "Lost card",
    "category": 4
  }
},
{
  "model": "case_manager.subcategory",
  "pk": 11,
  "fields": {
    "name": "Assistance card not working",
    "category": 4
  }
},
{
  "model": "case_manager.subcategory",
  "pk": 12,
  "fields": {
    "name": "Money",
    "category": 4
  }
},
{
  "model": "case_manager.subcategory",
  "pk": 13,
  "fields": {
    "name": "Distribution issue",
    "category": 3
  }
},
{
  "model": "case_manager.subcategory",
  "pk": 14,
  "fields": {
    "name": "Exclusion error",
    "category": 3
  }
},
{
  "model": "case_manager.subcategory",
  "pk": 15,
  "fields": {
    "name": "Undignified/ disrespect",
    "category": 3
  }
},
{
  "model": "case_manager.subcategory",
  "pk": 16,
  "fields": {
    "name": "Beneficiary card",
    "category": 2
  }
},
{
  "model": "case_manager.subcategory",
  "pk": 17,
  "fields": {
    "name": "Food",
    "category": 4
  }
},
{
  "model": "case_manager.subcategory",
  "pk": 18,
  "fields": {
    "name": "Use of personal data - who, what, how",
    "category": 2
  }
},
{
  "model": "case_manager.subcategory",
  "pk": 19,
  "fields": {
    "name": "Entitlement",
    "category": 2
  }
},
{
  "model": "case_manager.subcategory",
  "pk": 21,
  "fields": {
    "name": "Services",
    "category": 4
  }
},
{
  "model": "case_manager.subcategory",
  "pk": 22,
  "fields": {
    "name": "FFA Activity",
    "category": 2
  }
},
{
  "model": "case_manager.subcategory",
  "pk": 23,
  "fields": {
    "name": "Targeting criteria",
    "category": 2
  }
},
{
  "model": "case_manager.subcategory",
  "pk": 24,
  "fields": {
    "name": "HR",
    "category": 2
  }
},
{
  "model": "case_manager.subcategory",
  "pk": 25,
  "fields": {
    "name": "Symptoms",
    "category": 2
  }
},
{
  "model": "case_manager.subcategory",
  "pk": 26,
  "fields": {
    "name": "Prevention",
    "category": 2
  }
},
{
  "model": "case_manager.subcategory",
  "pk": 27,
  "fields": {
    "name": "Treatment",
    "category": 2
  }
},
{
  "model": "case_manager.subcategory",
  "pk": 28,
  "fields": {
    "name": "Availability of health services",
    "category": 2
  }
},
{
  "model": "case_manager.subcategory",
  "pk": 29,
  "fields": {
    "name": "Myths",
    "category": 2
  }
},
{
  "model": "case_manager.subcategory",
  "pk": 30,
  "fields": {
    "name": "Government guidance",
    "category": 2
  }
},
{
  "model": "case_manager.subcategory",
  "pk": 31,
  "fields": {
    "name": "Current situaton",
    "category": 2
  }
},
{
  "model": "case_manager.subcategory",
  "pk": 32,
  "fields": {
    "name": "Impact of Covid-19 on program",
    "category": 2
  }
},
{
  "model": "case_manager.subcategory",
  "pk": 33,
  "fields": {
    "name": "NFI",
    "category": 4
  }
},
{
  "model": "case_manager.subcategory",
  "pk": 34,
  "fields": {
    "name": "Flood assistance",
    "category": 4
  }
},
{
  "model": "case_manager.subcategory",
  "pk": 35,
  "fields": {
    "name": "Update HH, personal details",
    "category": 5
  }
},
{
  "model": "case_manager.subcategory",
  "pk": 36,
  "fields": {
    "name": "Delete personal information",
    "category": 5
  }
},
{
  "model": "case_manager.subcategory",
  "pk": 37,
  "fields": {
    "name": "Distribution timing",
    "category": 2
  }
},
{
  "model": "case_manager.subcategory",
  "pk": 38,
  "fields": {
    "name": "Duration of assistance",
    "category": 2
  }
},
{
  "model": "case_manager.subcategory",
  "pk": 40,
  "fields": {
    "name": "other",
    "category": 3
  }
},
{
  "model": "case_manager.categoryissue",
  "pk": 1,
  "fields": {
    "name": "Distance",
    "category": 9
  }
},
{
  "model": "case_manager.categoryissue",
  "pk": 2,
  "fields": {
    "name": "Infrastructure",
    "category": 9
  }
},
{
  "model": "case_manager.categoryissue",
  "pk": 3,
  "fields": {
    "name": "Extortion",
    "category": 9
  }
},
{
  "model": "case_manager.categoryissue",
  "pk": 4,
  "fields": {
    "name": "Resources",
    "category": 9
  }
},
{
  "model": "case_manager.categoryissue",
  "pk": 5,
  "fields": {
    "name": "Physical vulnerability",
    "category": 9
  }
},
{
  "model": "case_manager.categoryissue",
  "pk": 7,
  "fields": {
    "name": "Corruption",
    "category": 8
  }
},
{
  "model": "case_manager.categoryissue",
  "pk": 8,
  "fields": {
    "name": "Security",
    "category": 9
  }
},
{
  "model": "case_manager.categoryissue",
  "pk": 9,
  "fields": {
    "name": "Social or cultural obstacles",
    "category": 9
  }
},
{
  "model": "case_manager.categoryissue",
  "pk": 10,
  "fields": {
    "name": "Political issue",
    "category": 8
  }
},
{
  "model": "case_manager.categoryissue",
  "pk": 11,
  "fields": {
    "name": "Other",
    "category": 8
  }
},
{
  "model": "case_manager.categoryissue",
  "pk": 12,
  "fields": {
    "name": "Fraud",
    "category": 8
  }
},
{
  "model": "case_manager.categoryissue",
  "pk": 13,
  "fields": {
    "name": "Diversion",
    "category": 8
  }
},
{
  "model": "case_manager.categoryissue",
  "pk": 16,
  "fields": {
    "name": "Other",
    "category": 9
  }
},
{
  "model": "case_manager.howcaseclose",
  "pk": 1,
  "fields": {
    "name": "Close case with action"
  }
},
{
  "model": "case_manager.howcaseclose",
  "pk": 2,
  "fields": {
    "name": "Close case without action"
  }
},
{
  "model": "case_manager.howcaseclose",
  "pk": 34,
  "fields": {
    "name": "First case resolution"
  }
},
{
  "model": "case_manager.howdoyouhearaboutus",
  "pk": 1,
  "fields": {
    "name": "Suggestion box"
  }
},
{
  "model": "case_manager.howdoyouhearaboutus",
  "pk": 2,
  "fields": {
    "name": "Radio"
  }
},
{
  "model": "case_manager.howdoyouhearaboutus",
  "pk": 3,
  "fields": {
    "name": "Pamphlet"
  }
},
{
  "model": "case_manager.howdoyouhearaboutus",
  "pk": 4,
  "fields": {
    "name": "People working in the community"
  }
},
{
  "model": "case_manager.howdoyouhearaboutus",
  "pk": 5,
  "fields": {
    "name": "SMS"
  }
},
{
  "model": "case_manager.howdoyouhearaboutus",
  "pk": 6,
  "fields": {
    "name": "Posters or other visibility material"
  }
},
{
  "model": "case_manager.howwouldyouliketobecontacted",
  "pk": 1,
  "fields": {
    "name": "Same phone"
  }
},
{
  "model": "case_manager.howwouldyouliketobecontacted",
  "pk": 2,
  "fields": {
    "name": "Other phone"
  }
},
{
  "model": "case_manager.customersatisfaction",
  "pk": 2,
  "fields": {
    "name": "Very satisfied"
  }
},
{
  "model": "case_manager.customersatisfaction",
  "pk": 3,
  "fields": {
    "name": "Satisfied"
  }
},
{
  "model": "case_manager.customersatisfaction",
  "pk": 4,
  "fields": {
    "name": "Neutral"
  }
},
{
  "model": "case_manager.customersatisfaction",
  "pk": 5,
  "fields": {
    "name": "Unsatisfied"
  }
},
{
  "model": "case_manager.customersatisfaction",
  "pk": 6,
  "fields": {
    "name": "Very unsatisfied"
  }
},
{
  "model": "case_manager.mecanismused",
  "pk": 2,
  "fields": {
    "name": "Linha verde (own phone)"
  }
},
{
  "model": "case_manager.mecanismused",
  "pk": 3,
  "fields": {
    "name": "Linha verde (borrowed phone)"
  }
},
{
  "model": "case_manager.mecanismused",
  "pk": 6,
  "fields": {
    "name": "Helpdesk"
  }
},
{
  "model": "case_manager.mecanismused",
  "pk": 7,
  "fields": {
    "name": "SMS"
  }
},
{
  "model": "case_manager.mecanismused",
  "pk": 8,
  "fields": {
    "name": "Email"
  }
},
{
  "model": "case_manager.mecanismused",
  "pk": 9,
  "fields": {
    "name": "Suggestion box"
  }
},
{
  "model": "case_manager.taskstatus",
  "pk": 2,
  "fields": {
    "name": "Not Started"
  }
},
{
  "model": "case_manager.taskstatus",
  "pk": 3,
  "fields": {
    "name": "In Progress"
  }
},
{
  "model": "case_manager.taskstatus",
  "pk": 4,
  "fields": {
    "name": "Completed"
  }
},
{
  "model": "case_manager.ages",
  "pk": 1,
  "fields": {
    "name": "17 and below"
  }
},
{
  "model": "case_manager.ages",
  "pk": 2,
  "fields": {
    "name": "18 - 59"
  }
},
{
  "model": "case_manager.ages",
  "pk": 3,
  "fields": {
    "name": "60 and above"
  }
},
{
  "model": "case_manager.contactor",
  "pk": 172,
  "fields": {
    "alternative_number": "",
    "contact": "84000000",
    "fdp": "",
    "full_name": "Anonimo",
    "age": 1,
    "community": "",
    "gender": 3,
    "district": 121,
    "location": 981,
    "province": 6
  }
},
{
  "model": "case_manager.contactor",
  "pk": 173,
  "fields": {
    "alternative_number": "854010212",
    "contact": "85494912",
    "fdp": "MPT",
    "full_name": "Vasco",
    "age": 2,
    "community": "MPT",
    "gender": 2,
    "district": 108,
    "location": 371,
    "province": 2
  }
},
{
  "model": "case_manager.referallentity",
  "pk": 1,
  "fields": {
    "contact": "4384938493",
    "name": "Parceiro",
    "email": "parceiro@mail.org",
    "users": [
      20,
      2
    ]
  }
},
{
  "model": "case_manager.referallentity",
  "pk": 5,
  "fields": {
    "contact": "8787878789",
    "name": "Organization",
    "email": "organization@wfp.org",
    "users": [
      41
    ]
  }
},
{
  "model": "case_manager.sourceofinformation",
  "pk": 2,
  "fields": {
    "name": "Beneficiary"
  }
},
{
  "model": "case_manager.sourceofinformation",
  "pk": 3,
  "fields": {
    "name": "Representative of beneficiary"
  }
},
{
  "model": "case_manager.sourceofinformation",
  "pk": 4,
  "fields": {
    "name": "Non beneficiary"
  }
},
{
  "model": "case_manager.sourceofinformation",
  "pk": 5,
  "fields": {
    "name": "Community leader"
  }
},
{
  "model": "case_manager.sourceofinformation",
  "pk": 6,
  "fields": {
    "name": "Humanitarian partner"
  }
},
{
  "model": "case_manager.sourceofinformation",
  "pk": 7,
  "fields": {
    "name": "Other"
  }
},
{
  "model": "case_manager.casestatus",
  "pk": 1,
  "fields": {
    "name": "Not Started"
  }
},
{
  "model": "case_manager.casestatus",
  "pk": 2,
  "fields": {
    "name": "Resolved"
  }
},
{
  "model": "case_manager.casestatus",
  "pk": 3,
  "fields": {
    "name": "In Progress"
  }
},
{
  "model": "case_manager.casestatus",
  "pk": 4,
  "fields": {
    "name": "Closed"
  }
},
{
  "model": "case_manager.transferemodality",
  "pk": 2,
  "fields": {
    "name": "Food"
  }
},
{
  "model": "case_manager.transferemodality",
  "pk": 3,
  "fields": {
    "name": "Value voucher"
  }
},
{
  "model": "case_manager.transferemodality",
  "pk": 4,
  "fields": {
    "name": "Money"
  }
},
{
  "model": "case_manager.transferemodality",
  "pk": 5,
  "fields": {
    "name": "Commodity voucher"
  }
},
{
  "model": "case_manager.transferemodality",
  "pk": 6,
  "fields": {
    "name": "NFI"
  }
},
{
  "model": "case_manager.transferemodality",
  "pk": 7,
  "fields": {
    "name": "Not relevant"
  }
},
{
  "model": "case_manager.transferemodality",
  "pk": 8,
  "fields": {
    "name": "FFA"
  }
},
{
  "model": "case_manager.transferemodality",
  "pk": 9,
  "fields": {
    "name": "School feeding"
  }
},
{
  "model": "case_manager.responseprogram",
  "pk": 1,
  "fields": {
    "name": "Idai Shelter"
  }
},
{
  "model": "case_manager.responseprogram",
  "pk": 2,
  "fields": {
    "name": "Idai WASH"
  }
},
{
  "model": "case_manager.responseprogram",
  "pk": 3,
  "fields": {
    "name": "Idai Education"
  }
},
{
  "model": "case_manager.responseprogram",
  "pk": 4,
  "fields": {
    "name": "Idai Food Security"
  }
},
{
  "model": "case_manager.responseprogram",
  "pk": 5,
  "fields": {
    "name": "Idai Health"
  }
},
{
  "model": "case_manager.responseprogram",
  "pk": 6,
  "fields": {
    "name": "Idai Child Protection"
  }
},
{
  "model": "case_manager.responseprogram",
  "pk": 7,
  "fields": {
    "name": "Idai GBV"
  }
},
{
  "model": "case_manager.responseprogram",
  "pk": 8,
  "fields": {
    "name": "Idai PSEA"
  }
},
{
  "model": "case_manager.responseprogram",
  "pk": 9,
  "fields": {
    "name": "Idai other"
  }
},
{
  "model": "case_manager.responseprogram",
  "pk": 10,
  "fields": {
    "name": "Idai Protection"
  }
},
{
  "model": "case_manager.responseprogram",
  "pk": 11,
  "fields": {
    "name": "Idai CCCM"
  }
},
{
  "model": "case_manager.responseprogram",
  "pk": 12,
  "fields": {
    "name": "Resilience"
  }
},
{
  "model": "case_manager.responseprogram",
  "pk": 13,
  "fields": {
    "name": "School Feeding"
  }
},
{
  "model": "case_manager.individualcommitedfraud",
  "pk": 1,
  "fields": {
    "name": "Humanitarian Actor",
    "sub_category": 8
  }
},
{
  "model": "case_manager.individualcommitedfraud",
  "pk": 2,
  "fields": {
    "name": "Local Leader",
    "sub_category": 8
  }
},
{
  "model": "case_manager.individualcommitedfraud",
  "pk": 3,
  "fields": {
    "name": "Community Monitor",
    "sub_category": 8
  }
},
{
  "model": "case_manager.individualcommitedfraud",
  "pk": 4,
  "fields": {
    "name": "Unknown",
    "sub_category": 8
  }
},
{
  "model": "case_manager.whoisnotreceivingassistence",
  "pk": 1,
  "fields": {
    "name": "Individual",
    "sub_category": 14
  }
},
{
  "model": "case_manager.whoisnotreceivingassistence",
  "pk": 2,
  "fields": {
    "name": "Community",
    "sub_category": 14
  }
},
{
  "model": "case_manager.vulnerability",
  "pk": 1,
  "fields": {
    "name": "Person with disability"
  }
},
{
  "model": "case_manager.vulnerability",
  "pk": 2,
  "fields": {
    "name": "Child headed household"
  }
},
{
  "model": "case_manager.vulnerability",
  "pk": 4,
  "fields": {
    "name": "Single parent"
  }
},
{
  "model": "case_manager.vulnerability",
  "pk": 5,
  "fields": {
    "name": "Pregnant or lactating woman"
  }
},
{
  "model": "case_manager.vulnerability",
  "pk": 6,
  "fields": {
    "name": "Elderly head of household"
  }
},
{
  "model": "case_manager.vulnerability",
  "pk": 7,
  "fields": {
    "name": "Chronically patient"
  }
},
{
  "model": "case_manager.vulnerability",
  "pk": 8,
  "fields": {
    "name": "None"
  }
},
{
  "model": "case_manager.vulnerability",
  "pk": 9,
  "fields": {
    "name": "Other"
  }
},
{
  "model": "case_manager.case",
  "pk": 134,
  "fields": {
    "call_note": "Test",
    "case_call": "",
    "solution": "",
    "focal_point_notes": "",
    "how_case_close": "",
    "camp": "N",
    "case_id": "92675361",
    "other_category": "",
    "other_sources": "",
    "other_vulnerabilites": "",
    "resettlement_name": "",
    "caller_not_reached_for_feedback": false,
    "case_closed": false,
    "case_forwarded": false,
    "call_require_aditional_information": false,
    "call_require_callback_for_feedback": false,
    "consent_to_share_third_party": false,
    "consent_to_collect_personal_info": false,
    "is_deleted": false,
    "received_assistence": false,
    "case_uuid": "aec8963c-a060-4e1d-affb-d02d62741d9d",
    "contactor": 172,
    "closed_at": null,
    "created_at": "2020-06-18T08:22:43.604Z",
    "updated_at": "2020-07-23T09:25:07.681Z",
    "customer_satisfaction": 4,
    "how_case_was_closed": null,
    "how_would_you_like_to_be_contacted": null,
    "who_is_never_received_assistance": null,
    "how_knows_us": 3,
    "programme": null,
    "created_by": 1,
    "case_priority": 2,
    "case_status": 1,
    "individual_commited_fraud": null,
    "response_program": null,
    "category": 7,
    "category_issue": null,
    "mecanism_used": null,
    "source_of_information": 7,
    "transfere_modality": null,
    "vulnerability": 5,
    "sub_category": 35,
    "focal_points": []
  }
},
{
  "model": "case_manager.case",
  "pk": 135,
  "fields": {
    "call_note": "CHamada de apio",
    "case_call": "",
    "solution": "Ligue para policia",
    "focal_point_notes": "None",
    "how_case_close": "",
    "camp": "Y",
    "case_id": "26692832",
    "other_category": "Nao tem",
    "other_sources": "LFC",
    "other_vulnerabilites": "Nao tem",
    "resettlement_name": "Mot",
    "caller_not_reached_for_feedback": true,
    "case_closed": false,
    "case_forwarded": true,
    "call_require_aditional_information": false,
    "call_require_callback_for_feedback": true,
    "consent_to_share_third_party": true,
    "consent_to_collect_personal_info": true,
    "is_deleted": false,
    "received_assistence": false,
    "case_uuid": "73523c59-4210-4731-8663-a15b377a7cb3",
    "contactor": 173,
    "closed_at": null,
    "created_at": "2020-06-24T12:34:31.446Z",
    "updated_at": "2020-07-20T09:35:03.470Z",
    "customer_satisfaction": 6,
    "how_case_was_closed": 34,
    "how_would_you_like_to_be_contacted": 2,
    "who_is_never_received_assistance": null,
    "how_knows_us": 4,
    "programme": null,
    "created_by": 1,
    "case_priority": 2,
    "case_status": 1,
    "individual_commited_fraud": 2,
    "response_program": null,
    "category": 3,
    "category_issue": null,
    "mecanism_used": null,
    "source_of_information": 4,
    "transfere_modality": 4,
    "vulnerability": 1,
    "sub_category": 4,
    "focal_points": []
  }
},
{
  "model": "case_manager.casereferall",
  "pk": 99,
  "fields": {
    "feedback": "",
    "refered_at": "2020-07-20T09:35:03.456Z",
    "case": 135,
    "referall_entity": 5,
    "has_feedback": false,
    "referred_to_focal_point": false,
    "is_valid_feedback": true,
    "have_focal_point_feedback": false,
    "comments": ""
  }
}
]
