[
{
  "model": "case_manager.casepriority",
  "pk": 1,
  "fields": {
    "name": "Medium"
  }
},
{
  "model": "case_manager.casepriority",
  "pk": 2,
  "fields": {
    "name": "High"
  }
},
{
  "model": "case_manager.gender",
  "pk": 1,
  "fields": {
    "name": "Male"
  }
},
{
  "model": "case_manager.gender",
  "pk": 2,
  "fields": {
    "name": "Female"
  }
},
{
  "model": "case_manager.gender",
  "pk": 3,
  "fields": {
    "name": "Other"
  }
},
{
  "model": "case_manager.programme",
  "pk": 1,
  "fields": {
    "name": "Programe 1"
  }
},
{
  "model": "case_manager.programme",
  "pk": 2,
  "fields": {
    "name": "Programe 2"
  }
},
{
  "model": "case_manager.category",
  "pk": 1,
  "fields": {
    "name": "Category 1"
  }
},
{
  "model": "case_manager.category",
  "pk": 2,
  "fields": {
    "name": "Category 2"
  }
},
{
  "model": "case_manager.subcategory",
  "pk": 1,
  "fields": {
    "name": "Sub Category 3",
    "category": 2
  }
},
{
  "model": "case_manager.subcategory",
  "pk": 2,
  "fields": {
    "name": "Sub Category 4",
    "category": 2
  }
},
{
  "model": "case_manager.categoryissue",
  "pk": 1,
  "fields": {
    "name": "Category 1",
    "category": 2
  }
},
{
  "model": "case_manager.categoryissue",
  "pk": 2,
  "fields": {
    "name": "Category 2",
    "category": 1
  }
},
{
  "model": "case_manager.howdoyouhearaboutus",
  "pk": 1,
  "fields": {
    "name": "phone"
  }
},
{
  "model": "case_manager.howwouldyouliketobecontacted",
  "pk": 1,
  "fields": {
    "name": "phone"
  }
},
{
  "model": "case_manager.customersatisfaction",
  "pk": 1,
  "fields": {
    "name": "Satisfied"
  }
},
{
  "model": "case_manager.mecanismused",
  "pk": 1,
  "fields": {
    "name": "email"
  }
},
{
  "model": "case_manager.taskstatus",
  "pk": 1,
  "fields": {
    "name": "Not Started"
  }
},
{
  "model": "case_manager.taskstatus",
  "pk": 2,
  "fields": {
    "name": "In Progress"
  }
},
{
  "model": "case_manager.taskstatus",
  "pk": 3,
  "fields": {
    "name": "Completed"
  }
},
{
  "model": "case_manager.ages",
  "pk": 1,
  "fields": {
    "name": "18 a 24"
  }
},
{
  "model": "case_manager.contactor",
  "pk": 1,
  "fields": {
    "alternative_number": "",
    "contact": "843430102",
    "fdp": "matola",
    "full_name": "vasco",
    "age": 1,
    "community": "matola",
    "gender": 2,
    "location": 1,
    "province": 1
  }
},
{
  "model": "case_manager.contactor",
  "pk": 2,
  "fields": {
    "alternative_number": "",
    "contact": "843430102",
    "fdp": "matola",
    "full_name": "vasco",
    "age": 1,
    "community": "matola",
    "gender": 2,
    "location": 1,
    "province": 1
  }
},
{
  "model": "case_manager.contactor",
  "pk": 3,
  "fields": {
    "alternative_number": "",
    "contact": "843430102",
    "fdp": "matola",
    "full_name": "vasco",
    "age": 1,
    "community": "matola",
    "gender": 2,
    "location": 1,
    "province": 1
  }
},
{
  "model": "case_manager.contactor",
  "pk": 4,
  "fields": {
    "alternative_number": "",
    "contact": "854954012",
    "fdp": "matola",
    "full_name": "vasco",
    "age": 1,
    "community": "matola",
    "gender": 1,
    "location": 1,
    "province": 1
  }
},
{
  "model": "case_manager.contactor",
  "pk": 5,
  "fields": {
    "alternative_number": "",
    "contact": "854954012",
    "fdp": "matola",
    "full_name": "vasco",
    "age": 1,
    "community": "matola",
    "gender": 1,
    "location": 1,
    "province": 1
  }
},
{
  "model": "case_manager.contactor",
  "pk": 6,
  "fields": {
    "alternative_number": "",
    "contact": "854854012",
    "fdp": "matola",
    "full_name": "vasco",
    "age": 1,
    "community": "comunidade",
    "gender": 1,
    "location": 1,
    "province": 1
  }
},
{
  "model": "case_manager.contactor",
  "pk": 7,
  "fields": {
    "alternative_number": "",
    "contact": "852120012",
    "fdp": "matola",
    "full_name": "vasco",
    "age": 1,
    "community": "fdfdf",
    "gender": 1,
    "location": 2,
    "province": 2
  }
},
{
  "model": "case_manager.sourceofinformation",
  "pk": 1,
  "fields": {
    "name": "Linha Verde"
  }
},
{
  "model": "case_manager.casestatus",
  "pk": 1,
  "fields": {
    "name": "Not Started"
  }
},
{
  "model": "case_manager.casestatus",
  "pk": 3,
  "fields": {
    "name": "In Progress"
  }
},
{
  "model": "case_manager.casestatus",
  "pk": 4,
  "fields": {
    "name": "Closed"
  }
},
{
  "model": "case_manager.transferemodality",
  "pk": 1,
  "fields": {
    "name": "transfere modality 1"
  }
},
{
  "model": "case_manager.whoisnotreceivingassistence",
  "pk": 1,
  "fields": {
    "name": "Individual",
    "sub_category": 1
  }
},
{
  "model": "case_manager.whoisnotreceivingassistence",
  "pk": 2,
  "fields": {
    "name": "Community",
    "sub_category": 1
  }
},
{
  "model": "case_manager.vulnerability",
  "pk": 1,
  "fields": {
    "name": "vulnerabilidade 1"
  }
},
{
  "model": "location_management.province",
  "pk": 1,
  "fields": {
    "name": "Maputo"
  }
},
{
  "model": "location_management.province",
  "pk": 2,
  "fields": {
    "name": "Gaza"
  }
},
{
  "model": "location_management.location",
  "pk": 1,
  "fields": {
    "classification": null,
    "location_type": null,
    "codigo": "",
    "name": "location 1",
    "province": 1,
    "parent_code": ""
  }
},
{
  "model": "location_management.location",
  "pk": 2,
  "fields": {
    "classification": null,
    "location_type": null,
    "codigo": "",
    "name": "location 2",
    "province": 2,
    "parent_code": ""
  }
},
{
  "model": "auth.group",
  "pk": 1,
  "fields": {
    "name": "Operador",
    "permissions": [
      1,
      2,
      3,
      4,
      9,
      10,
      11,
      12,
      5,
      6,
      7,
      8,
      13,
      14,
      15,
      16,
      113,
      114,
      115,
      116,
      25,
      26,
      27,
      28,
      117,
      118,
      119,
      120,
      29,
      30,
      31,
      32,
      85,
      86,
      87,
      88,
      89,
      90,
      91,
      92,
      81,
      82,
      83,
      84,
      33,
      34,
      35,
      36,
      101,
      102,
      103,
      104,
      77,
      78,
      79,
      80,
      37,
      38,
      39,
      40,
      41,
      42,
      43,
      44,
      45,
      46,
      47,
      48,
      49,
      50,
      51,
      52,
      125,
      126,
      127,
      128,
      97,
      98,
      99,
      100,
      53,
      54,
      55,
      56,
      57,
      58,
      59,
      60,
      61,
      62,
      63,
      64,
      73,
      74,
      75,
      76,
      109,
      110,
      111,
      112,
      121,
      122,
      123,
      124,
      69,
      70,
      71,
      72,
      105,
      106,
      107,
      108,
      65,
      66,
      67,
      68,
      93,
      94,
      95,
      96,
      129,
      130,
      131,
      132,
      17,
      18,
      19,
      20,
      21,
      22,
      23,
      24
    ]
  }
},
{
  "model": "auth.group",
  "pk": 2,
  "fields": {
    "name": "Gestor",
    "permissions": [
      1,
      2,
      3,
      4,
      9,
      10,
      11,
      12,
      5,
      6,
      7,
      8,
      13,
      14,
      15,
      16,
      113,
      114,
      115,
      116,
      25,
      26,
      27,
      28,
      117,
      118,
      119,
      120,
      29,
      30,
      31,
      32,
      85,
      86,
      87,
      88,
      89,
      90,
      91,
      92,
      81,
      82,
      83,
      84,
      33,
      34,
      35,
      36,
      101,
      102,
      103,
      104,
      77,
      78,
      79,
      80,
      37,
      38,
      39,
      40,
      41,
      42,
      43,
      44,
      45,
      46,
      47,
      48,
      49,
      50,
      51,
      52,
      125,
      126,
      127,
      128,
      97,
      98,
      99,
      100,
      53,
      54,
      55,
      56,
      57,
      58,
      59,
      60,
      61,
      62,
      63,
      64,
      73,
      74,
      75,
      76,
      109,
      110,
      111,
      112,
      121,
      122,
      123,
      124,
      69,
      70,
      71,
      72,
      105,
      106,
      107,
      108,
      65,
      66,
      67,
      68,
      93,
      94,
      95,
      96,
      129,
      130,
      131,
      132,
      17,
      18,
      19,
      20,
      21,
      22,
      23,
      24
    ]
  }
},
{
  "model": "auth.group",
  "pk": 3,
  "fields": {
    "name": "Parceiro",
    "permissions": [
      1,
      2,
      3,
      4,
      9,
      10,
      11,
      12,
      5,
      6,
      7,
      8,
      13,
      14,
      15,
      16,
      113,
      114,
      115,
      116,
      25,
      26,
      27,
      28,
      117,
      118,
      119,
      120,
      29,
      30,
      31,
      32,
      85,
      86,
      87,
      88,
      89,
      90,
      91,
      92,
      81,
      82,
      83,
      84,
      33,
      34,
      35,
      36,
      101,
      102,
      103,
      104,
      77,
      78,
      79,
      80,
      37,
      38,
      39,
      40,
      41,
      42,
      43,
      44,
      45,
      46,
      47,
      48,
      49,
      50,
      51,
      52,
      125,
      126,
      127,
      128,
      97,
      98,
      99,
      100,
      53,
      54,
      55,
      56,
      57,
      58,
      59,
      60,
      61,
      62,
      63,
      64,
      73,
      74,
      75,
      76,
      109,
      110,
      111,
      112,
      121,
      122,
      123,
      124,
      69,
      70,
      71,
      72,
      105,
      106,
      107,
      108,
      65,
      66,
      67,
      68,
      93,
      94,
      95,
      96,
      129,
      130,
      131,
      132,
      17,
      18,
      19,
      20,
      21,
      22,
      23,
      24
    ]
  }
},
{
  "model": "auth.group",
  "pk": 4,
  "fields": {
    "name": "Ponto Focal",
    "permissions": [
      1,
      2,
      3,
      4,
      9,
      10,
      11,
      12,
      5,
      6,
      7,
      8,
      13,
      14,
      15,
      16,
      113,
      114,
      115,
      116,
      25,
      26,
      27,
      28,
      117,
      118,
      119,
      120,
      29,
      30,
      31,
      32,
      85,
      86,
      87,
      88,
      89,
      90,
      91,
      92,
      81,
      82,
      83,
      84,
      33,
      34,
      35,
      36,
      101,
      102,
      103,
      104,
      77,
      78,
      79,
      80,
      37,
      38,
      39,
      40,
      41,
      42,
      43,
      44,
      45,
      46,
      47,
      48,
      49,
      50,
      51,
      52,
      125,
      126,
      127,
      128,
      97,
      98,
      99,
      100,
      53,
      54,
      55,
      56,
      57,
      58,
      59,
      60,
      61,
      62,
      63,
      64,
      73,
      74,
      75,
      76,
      109,
      110,
      111,
      112,
      121,
      122,
      123,
      124,
      69,
      70,
      71,
      72,
      105,
      106,
      107,
      108,
      65,
      66,
      67,
      68,
      93,
      94,
      95,
      96,
      133,
      134,
      135,
      136,
      129,
      130,
      131,
      132,
      17,
      18,
      19,
      20,
      141,
      142,
      143,
      144,
      145,
      146,
      147,
      148,
      149,
      150,
      151,
      152,
      137,
      138,
      139,
      140,
      157,
      158,
      159,
      160,
      161,
      162,
      163,
      164,
      165,
      166,
      167,
      168,
      21,
      22,
      23,
      24,
      153,
      154,
      155,
      156
    ]
  }
},
{
  "model": "auth.user",
  "pk": 1,
  "fields": {
    "password": "pbkdf2_sha256$180000$PbafDEsPErJ0$zSmQJklkEVImODhy2EjLh3lHPKvzl9YucP3/6XQoVgM=",
    "last_login": "2020-04-29T06:38:38.434Z",
    "is_superuser": true,
    "username": "vasco",
    "first_name": "",
    "last_name": "",
    "email": "vasco.xavier@robobo.org",
    "is_staff": true,
    "is_active": true,
    "date_joined": "2020-04-29T06:36:19.430Z",
    "groups": [],
    "user_permissions": []
  }
},
{
  "model": "auth.user",
  "pk": 2,
  "fields": {
    "password": "pbkdf2_sha256$180000$dyz8FJlSBGzp$vyxq2YCh+KYjwVXo6sh9mw8w9QbQwPor61qltXQOGOc=",
    "last_login": null,
    "is_superuser": false,
    "username": "operador",
    "first_name": "",
    "last_name": "",
    "email": "operador@wfp.org",
    "is_staff": false,
    "is_active": true,
    "date_joined": "2020-04-29T06:50:12Z",
    "groups": [
      1
    ],
    "user_permissions": []
  }
},
{
  "model": "auth.user",
  "pk": 3,
  "fields": {
    "password": "pbkdf2_sha256$180000$B7h1TDmJu59v$uTNBHwOBdNDZEw63ucx76Lo7bpdXB6nbWsbC2N8d5ZM=",
    "last_login": null,
    "is_superuser": false,
    "username": "gestor",
    "first_name": "",
    "last_name": "",
    "email": "gestor@wfp.org",
    "is_staff": false,
    "is_active": true,
    "date_joined": "2020-04-29T06:50:45Z",
    "groups": [
      2
    ],
    "user_permissions": []
  }
},
{
  "model": "auth.user",
  "pk": 4,
  "fields": {
    "password": "pbkdf2_sha256$180000$UFLyu48RKKF0$PcDE8LyBfZuytZ/VrPdwq6dqJVvXx96rxz1a9LXN7Kk=",
    "last_login": null,
    "is_superuser": false,
    "username": "parceiro",
    "first_name": "",
    "last_name": "",
    "email": "parceiro@wfp.org",
    "is_staff": false,
    "is_active": true,
    "date_joined": "2020-04-29T06:51:15Z",
    "groups": [
      3
    ],
    "user_permissions": []
  }
},
{
  "model": "auth.user",
  "pk": 5,
  "fields": {
    "password": "pbkdf2_sha256$180000$dxfUNy8i8nKK$FaLH9+Oif8XCJM5IOD9VjC5yX0bsPbXc3wfI4nv8gwc=",
    "last_login": null,
    "is_superuser": false,
    "username": "pontofocal",
    "first_name": "",
    "last_name": "",
    "email": "pontofocal@wfp.org",
    "is_staff": false,
    "is_active": true,
    "date_joined": "2020-04-29T06:51:30Z",
    "groups": [
      4
    ],
    "user_permissions": []
  }
}]