[{"model": "case_tipology.casetipology", "pk": 1, "fields": {"category": "Complaint/Negative Feedback"}}, {"model": "case_tipology.casetipology", "pk": 2, "fields": {"category": "Positive feedback"}}, {"model": "case_tipology.casetipology", "pk": 3, "fields": {"category": "Request for Information"}}, {"model": "case_tipology.casetipology", "pk": 4, "fields": {"category": "Request for Assistance"}}, {"model": "case_tipology.casetipology", "pk": 5, "fields": {"category": "Data amendment"}}, {"model": "case_tipology.casetipology", "pk": 6, "fields": {"category": "Technical problems"}}, {"model": "case_tipology.casetipology", "pk": 7, "fields": {"category": "Other"}}, {"model": "case_tipology.subcategory", "pk": 1, "fields": {"casetipology": 1, "subcategory": "Access"}}, {"model": "case_tipology.subcategory", "pk": 2, "fields": {"casetipology": 1, "subcategory": "Distribution issue"}}, {"model": "case_tipology.subcategory", "pk": 3, "fields": {"casetipology": 1, "subcategory": "Abuse of power"}}, {"model": "case_tipology.subcategory", "pk": 4, "fields": {"casetipology": 1, "subcategory": "Exclusion error"}}, {"model": "case_tipology.subcategory", "pk": 5, "fields": {"casetipology": 1, "subcategory": "Undignified/ disrespect"}}, {"model": "case_tipology.subcategory", "pk": 6, "fields": {"casetipology": 1, "subcategory": "SEA"}}, {"model": "case_tipology.subcategory", "pk": 7, "fields": {"casetipology": 1, "subcategory": "Quality"}}, {"model": "case_tipology.subcategory", "pk": 8, "fields": {"casetipology": 1, "subcategory": "Quantity"}}, {"model": "case_tipology.subcategory", "pk": 9, "fields": {"casetipology": 1, "subcategory": "Safety problems"}}, {"model": "case_tipology.subcategory", "pk": 10, "fields": {"casetipology": 1, "subcategory": "Covid-19"}}, {"model": "case_tipology.subcategory", "pk": 11, "fields": {"casetipology": 3, "subcategory": "Entitlement"}}, {"model": "case_tipology.subcategory", "pk": 12, "fields": {"casetipology": 3, "subcategory": "Distribution timing"}}, {"model": "case_tipology.subcategory", "pk": 13, "fields": {"casetipology": 3, "subcategory": "Duration of assistance"}}, {"model": "case_tipology.subcategory", "pk": 14, "fields": {"casetipology": 3, "subcategory": "Use of personal data - who, what, how"}}, {"model": "case_tipology.subcategory", "pk": 15, "fields": {"casetipology": 3, "subcategory": "Beneficiary card"}}, {"model": "case_tipology.subcategory", "pk": 16, "fields": {"casetipology": 3, "subcategory": "FFA Activity"}}, {"model": "case_tipology.subcategory", "pk": 17, "fields": {"casetipology": 3, "subcategory": "Targeting criteria"}}, {"model": "case_tipology.subcategory", "pk": 18, "fields": {"casetipology": 3, "subcategory": "HR"}}, {"model": "case_tipology.subcategory", "pk": 19, "fields": {"casetipology": 3, "subcategory": "Covid-19"}}, {"model": "case_tipology.subcategory", "pk": 20, "fields": {"casetipology": 3, "subcategory": "Registration process"}}, {"model": "case_tipology.subcategory", "pk": 21, "fields": {"casetipology": 3, "subcategory": "Mitigation"}}, {"model": "case_tipology.subcategory", "pk": 22, "fields": {"casetipology": 3, "subcategory": "Forecast"}}, {"model": "case_tipology.subcategory", "pk": 23, "fields": {"casetipology": 3, "subcategory": "Cyclone confirmation"}}, {"model": "case_tipology.subcategory", "pk": 24, "fields": {"casetipology": 3, "subcategory": "Sexual and Reproductive Health"}}, {"model": "case_tipology.subcategory", "pk": 25, "fields": {"casetipology": 3, "subcategory": "Mosquito net distribution"}}, {"model": "case_tipology.subcategory", "pk": 26, "fields": {"casetipology": 3, "subcategory": "Other"}}, {"model": "case_tipology.subcategory", "pk": 27, "fields": {"casetipology": 4, "subcategory": "Money"}}, {"model": "case_tipology.subcategory", "pk": 28, "fields": {"casetipology": 4, "subcategory": "Food"}}, {"model": "case_tipology.subcategory", "pk": 29, "fields": {"casetipology": 4, "subcategory": "Services"}}, {"model": "case_tipology.subcategory", "pk": 30, "fields": {"casetipology": 4, "subcategory": "NFI"}}, {"model": "case_tipology.subcategory", "pk": 31, "fields": {"casetipology": 4, "subcategory": "Assistance card not working"}}, {"model": "case_tipology.subcategory", "pk": 32, "fields": {"casetipology": 4, "subcategory": "Flood assistance"}}, {"model": "case_tipology.subcategory", "pk": 33, "fields": {"casetipology": 4, "subcategory": "Lost card, phone, sim"}}, {"model": "case_tipology.subcategory", "pk": 34, "fields": {"casetipology": 4, "subcategory": "Covid-19"}}, {"model": "case_tipology.subcategory", "pk": 35, "fields": {"casetipology": 5, "subcategory": "Update HH, personal details"}}, {"model": "case_tipology.subcategory", "pk": 36, "fields": {"casetipology": 5, "subcategory": "Delete personal information"}}, {"model": "case_tipology.subcategory", "pk": 37, "fields": {"casetipology": 5, "subcategory": "Beneficiary data security"}}, {"model": "case_tipology.subcategoryissue", "pk": 1, "fields": {"subcategory": 19, "subcategory_issue": "Symptoms"}}, {"model": "case_tipology.subcategoryissue", "pk": 2, "fields": {"subcategory": 19, "subcategory_issue": "Prevention"}}, {"model": "case_tipology.subcategoryissue", "pk": 3, "fields": {"subcategory": 19, "subcategory_issue": "Treatment"}}, {"model": "case_tipology.subcategoryissue", "pk": 4, "fields": {"subcategory": 19, "subcategory_issue": "Availability of health services"}}, {"model": "case_tipology.subcategoryissue", "pk": 5, "fields": {"subcategory": 19, "subcategory_issue": "Myths"}}, {"model": "case_tipology.subcategoryissue", "pk": 6, "fields": {"subcategory": 19, "subcategory_issue": "Current situation"}}, {"model": "case_tipology.subcategoryissue", "pk": 7, "fields": {"subcategory": 19, "subcategory_issue": "Government Guidelines"}}, {"model": "case_tipology.subcategoryissue", "pk": 8, "fields": {"subcategory": 19, "subcategory_issue": "Impact of Covid-19 on program"}}, {"model": "case_tipology.subcategoryissue", "pk": 9, "fields": {"subcategory": 19, "subcategory_issue": "What is Corona virus?"}}, {"model": "case_tipology.subcategoryissue", "pk": 10, "fields": {"subcategory": 34, "subcategory_issue": "Protective Material"}}, {"model": "case_tipology.subcategoryissue", "pk": 11, "fields": {"subcategory": 34, "subcategory_issue": "Food"}}, {"model": "case_tipology.subcategoryissue", "pk": 12, "fields": {"subcategory": 30, "subcategory_issue": "WASH items/Water"}}, {"model": "case_tipology.subcategoryissue", "pk": 13, "fields": {"subcategory": 30, "subcategory_issue": "Agricultural tools and seeds"}}, {"model": "case_tipology.subcategoryissue", "pk": 14, "fields": {"subcategory": 30, "subcategory_issue": "Shelter items"}}, {"model": "case_tipology.subcategoryissue", "pk": 15, "fields": {"subcategory": 30, "subcategory_issue": "Medicine"}}, {"model": "case_tipology.subcategoryissue", "pk": 16, "fields": {"subcategory": 10, "subcategory_issue": "Abuse of power-  Fraud"}}, {"model": "case_tipology.subcategoryissue", "pk": 17, "fields": {"subcategory": 10, "subcategory_issue": "Abuse of power-  Corruption"}}, {"model": "case_tipology.subcategoryissue", "pk": 18, "fields": {"subcategory": 10, "subcategory_issue": "Safety problems"}}, {"model": "case_tipology.subcategoryissue", "pk": 19, "fields": {"subcategory": 10, "subcategory_issue": "Lack of access to water"}}, {"model": "case_tipology.subcategoryissue", "pk": 20, "fields": {"subcategory": 3, "subcategory_issue": "Political reasons"}}, {"model": "case_tipology.subcategoryissue", "pk": 21, "fields": {"subcategory": 3, "subcategory_issue": "Fraud"}}, {"model": "case_tipology.subcategoryissue", "pk": 22, "fields": {"subcategory": 3, "subcategory_issue": "Corruption"}}, {"model": "case_tipology.subcategoryissue", "pk": 23, "fields": {"subcategory": 3, "subcategory_issue": "Diversion"}}, {"model": "case_tipology.subcategoryissue", "pk": 25, "fields": {"subcategory": 3, "subcategory_issue": "Intimidation"}}, {"model": "case_tipology.subcategoryissue", "pk": 26, "fields": {"subcategory": 1, "subcategory_issue": "Social or cultural obstacles"}}, {"model": "case_tipology.subcategoryissue", "pk": 27, "fields": {"subcategory": 1, "subcategory_issue": "Distance"}}, {"model": "case_tipology.subcategoryissue", "pk": 28, "fields": {"subcategory": 1, "subcategory_issue": "Infrastructure"}}, {"model": "case_tipology.subcategoryissue", "pk": 29, "fields": {"subcategory": 1, "subcategory_issue": "Security"}}, {"model": "case_tipology.subcategoryissue", "pk": 30, "fields": {"subcategory": 1, "subcategory_issue": "Physical vulnerability"}}, {"model": "case_tipology.subcategoryissue", "pk": 31, "fields": {"subcategory": 1, "subcategory_issue": "Long lines/overcrowding"}}, {"model": "case_tipology.subcategoryissue", "pk": 32, "fields": {"subcategory": 1, "subcategory_issue": "Retail price"}}, {"model": "case_tipology.subcategoryissue", "pk": 33, "fields": {"subcategory": 1, "subcategory_issue": "Stock"}}, {"model": "case_tipology.subcategoryissue", "pk": 34, "fields": {"subcategory": 1, "subcategory_issue": "Health Services"}}, {"model": "case_tipology.subcategoryissue", "pk": 35, "fields": {"subcategory": 1, "subcategory_issue": "Discrimination"}}, {"model": "case_tipology.subcategoryissue", "pk": 36, "fields": {"subcategory": 1, "subcategory_issue": "Other"}}]