[
    {
        "model": "case_tipology.casetipology",
        "pk": 1,
        "fields": {
            "category": "Positive feedback"
        }
    },
    {
        "model": "case_tipology.casetipology",
        "pk": 2,
        "fields": {
            "category": "Request for information"
        }
    },
    {
        "model": "case_tipology.casetipology",
        "pk": 3,
        "fields": {
            "category": "Compaint/negative feedback"
        }
    },
    {
        "model": "case_tipology.casetipology",
        "pk": 4,
        "fields": {
            "category": "Request for assistance"
        }
    },
    {
        "model": "case_tipology.casetipology",
        "pk": 5,
        "fields": {
            "category": "Data amendment"
        }
    },
    {
        "model": "case_tipology.casetipology",
        "pk": 6,
        "fields": {
            "category": "Technical problems"
        }
    },
    {
        "model": "case_tipology.casetipology",
        "pk": 7,
        "fields": {
            "category": "Other"
        }
    },
    {
        "model": "case_tipology.subcategory",
        "pk": 1,
        "fields": {
            "casetipology": 3,
            "subcategory": "Access"
        }
    },
    {
        "model": "case_tipology.subcategory",
        "pk": 2,
        "fields": {
            "casetipology": 3,
            "subcategory": "Distribution issue"
        }
    },
    {
        "model": "case_tipology.subcategory",
        "pk": 3,
        "fields": {
            "casetipology": 3,
            "subcategory": "Abuse of power"
        }
    },
    {
        "model": "case_tipology.subcategory",
        "pk": 4,
        "fields": {
            "casetipology": 3,
            "subcategory": "Exclusion error"
        }
    },
    {
        "model": "case_tipology.subcategory",
        "pk": 5,
        "fields": {
            "casetipology": 3,
            "subcategory": "Undignified/ disrespect"
        }
    },
    {
        "model": "case_tipology.subcategory",
        "pk": 6,
        "fields": {
            "casetipology": 3,
            "subcategory": "Sexual Exploitation and Abuse"
        }
    },
    {
        "model": "case_tipology.subcategory",
        "pk": 7,
        "fields": {
            "casetipology": 3,
            "subcategory": "Quality"
        }
    },
    {
        "model": "case_tipology.subcategory",
        "pk": 8,
        "fields": {
            "casetipology": 3,
            "subcategory": "Quantity"
        }
    },
    {
        "model": "case_tipology.subcategory",
        "pk": 9,
        "fields": {
            "casetipology": 3,
            "subcategory": "FFA Activity"
        }
    },
    {
        "model": "case_tipology.subcategory",
        "pk": 10,
        "fields": {
            "casetipology": 3,
            "subcategory": "Safety problems"
        }
    },
    {
        "model": "case_tipology.subcategory",
        "pk": 11,
        "fields": {
            "casetipology": 2,
            "subcategory": "Entitlement"
        }
    },
    {
        "model": "case_tipology.subcategory",
        "pk": 12,
        "fields": {
            "casetipology": 2,
            "subcategory": "Distribution timing"
        }
    },
    {
        "model": "case_tipology.subcategory",
        "pk": 13,
        "fields": {
            "casetipology": 2,
            "subcategory": "Duration of assistance"
        }
    },
    {
        "model": "case_tipology.subcategory",
        "pk": 14,
        "fields": {
            "casetipology": 2,
            "subcategory": "Use of personal data - who, what, how"
        }
    },
    {
        "model": "case_tipology.subcategory",
        "pk": 15,
        "fields": {
            "casetipology": 2,
            "subcategory": "Beneficiary card"
        }
    },
    {
        "model": "case_tipology.subcategory",
        "pk": 16,
        "fields": {
            "casetipology": 2,
            "subcategory": "FFA Activity"
        }
    },
    {
        "model": "case_tipology.subcategory",
        "pk": 17,
        "fields": {
            "casetipology": 2,
            "subcategory": "Targeting criteria"
        }
    },
    {
        "model": "case_tipology.subcategory",
        "pk": 18,
        "fields": {
            "casetipology": 2,
            "subcategory": "HR"
        }
    },
    {
        "model": "case_tipology.subcategory",
        "pk": 19,
        "fields": {
            "casetipology": 2,
            "subcategory": "Symptoms"
        }
    },
    {
        "model": "case_tipology.subcategory",
        "pk": 20,
        "fields": {
            "casetipology": 2,
            "subcategory": "Prevention"
        }
    },
    {
        "model": "case_tipology.subcategory",
        "pk": 21,
        "fields": {
            "casetipology": 2,
            "subcategory": "Treatment"
        }
    },
    {
        "model": "case_tipology.subcategory",
        "pk": 22,
        "fields": {
            "casetipology": 2,
            "subcategory": "Availability of health services"
        }
    },
    {
        "model": "case_tipology.subcategory",
        "pk": 23,
        "fields": {
            "casetipology": 2,
            "subcategory": "Myths"
        }
    },
    {
        "model": "case_tipology.subcategory",
        "pk": 24,
        "fields": {
            "casetipology": 2,
            "subcategory": "Government guidance"
        }
    },
    {
        "model": "case_tipology.subcategory",
        "pk": 25,
        "fields": {
            "casetipology": 2,
            "subcategory": "Current situaton"
        }
    },
    {
        "model": "case_tipology.subcategory",
        "pk": 26,
        "fields": {
            "casetipology": 2,
            "subcategory": "Impact of Covid-19 on program"
        }
    },
    {
        "model": "case_tipology.subcategory",
        "pk": 27,
        "fields": {
            "casetipology": 2,
            "subcategory": "Other"
        }
    },
    {
        "model": "case_tipology.subcategory",
        "pk": 28,
        "fields": {
            "casetipology": 4,
            "subcategory": "Money"
        }
    },
    {
        "model": "case_tipology.subcategory",
        "pk": 29,
        "fields": {
            "casetipology": 4,
            "subcategory": "Food"
        }
    },
    {
        "model": "case_tipology.subcategory",
        "pk": 30,
        "fields": {
            "casetipology": 4,
            "subcategory": "Services"
        }
    },
    {
        "model": "case_tipology.subcategory",
        "pk": 31,
        "fields": {
            "casetipology": 4,
            "subcategory": "Non-Food Items"
        }
    },
    {
        "model": "case_tipology.subcategory",
        "pk": 32,
        "fields": {
            "casetipology": 4,
            "subcategory": "Assistance card not working"
        }
    },
    {
        "model": "case_tipology.subcategory",
        "pk": 33,
        "fields": {
            "casetipology": 4,
            "subcategory": "Flood assistance"
        }
    },
    {
        "model": "case_tipology.subcategory",
        "pk": 34,
        "fields": {
            "casetipology": 4,
            "subcategory": "Lost card"
        }
    },
    {
        "model": "case_tipology.subcategory",
        "pk": 35,
        "fields": {
            "casetipology": 5,
            "subcategory": "Update HH, personal details"
        }
    },
    {
        "model": "case_tipology.subcategory",
        "pk": 36,
        "fields": {
            "casetipology": 5,
            "subcategory": "Delete personal information"
        }
    },
    {
        "model": "case_tipology.subcategoryissue",
        "pk": 1,
        "fields": {
            "subcategory": 1,
            "subcategory_issue": "Extortion"
        }
    },
    {
        "model": "case_tipology.subcategoryissue",
        "pk": 2,
        "fields": {
            "subcategory": 1,
            "subcategory_issue": "Social or cultural obstacles"
        }
    },
    {
        "model": "case_tipology.subcategoryissue",
        "pk": 3,
        "fields": {
            "subcategory": 1,
            "subcategory_issue": "Distance"
        }
    },
    {
        "model": "case_tipology.subcategoryissue",
        "pk": 4,
        "fields": {
            "subcategory": 1,
            "subcategory_issue": "Infrastructure"
        }
    },
    {
        "model": "case_tipology.subcategoryissue",
        "pk": 5,
        "fields": {
            "subcategory": 1,
            "subcategory_issue": "Security"
        }
    },
    {
        "model": "case_tipology.subcategoryissue",
        "pk": 6,
        "fields": {
            "subcategory": 1,
            "subcategory_issue": "Physical vulnerability"
        }
    },
    {
        "model": "case_tipology.subcategoryissue",
        "pk": 7,
        "fields": {
            "subcategory": 1,
            "subcategory_issue": "Resources"
        }
    },
    {
        "model": "case_tipology.subcategoryissue",
        "pk": 8,
        "fields": {
            "subcategory": 1,
            "subcategory_issue": "Other"
        }
    },
    {
        "model": "case_tipology.subcategoryissue",
        "pk": 9,
        "fields": {
            "subcategory": 3,
            "subcategory_issue": "Political issue"
        }
    },
    {
        "model": "case_tipology.subcategoryissue",
        "pk": 10,
        "fields": {
            "subcategory": 3,
            "subcategory_issue": "Fraud"
        }
    },
    {
        "model": "case_tipology.subcategoryissue",
        "pk": 11,
        "fields": {
            "subcategory": 3,
            "subcategory_issue": "Corruption"
        }
    },
    {
        "model": "case_tipology.subcategoryissue",
        "pk": 12,
        "fields": {
            "subcategory": 3,
            "subcategory_issue": "Diversion"
        }
    },
    {
        "model": "case_tipology.subcategoryissue",
        "pk": 13,
        "fields": {
            "subcategory": 4,
            "subcategory_issue": "Never received assistance"
        }
    },
    {
        "model": "case_tipology.subcategoryissue",
        "pk": 14,
        "fields": {
            "subcategory": 5,
            "subcategory_issue": "Never received assistance"
        }
    },
    {
        "model": "case_tipology.subcategoryissue",
        "pk": 15,
        "fields": {
            "subcategory": 6,
            "subcategory_issue": "Never received assistance"
        }
    }
]